{
  "dx_m": 913.4382879192794,
  "dy_m": 921.1666666666143,
  "rise_time_sec": 360.0,
  "t_end_sec": 120.0,
  "cfl": 0.5,
  "ny": 25,
  "nx": 37,
  "source_mode": "dynamic"
}