{
  "sample_counts": {
    "8.0": 1,
    "8.5": 1,
    "9.0": 1
  },
  "weights": {
    "8.0": 0.48918944851699153,
    "8.5": 0.3119209638507639,
    "9.0": 0.19888958763224468
  },
  "thresholds_m": [
    0.5,
    1.0,
    2.0
  ]
}