{
  "Mw8.0": {
    "n_samples": 2000,
    "max_displacement_m": {
      "min": 9.999999999999998,
      "max": 10.000000000000002,
      "mean": 10.0,
      "median": 10.0,
      "std": 5.039972336046755e-16
    },
    "mean_displacement_m": {
      "min": 1.8383022744581412,
      "max": 3.6078107753433493,
      "mean": 2.977498726504063,
      "median": 2.9951398236453537
    }
  },
  "Mw8.5": {
    "n_samples": 2000,
    "max_displacement_m": {
      "min": 9.999999999999998,
      "max": 10.000000000000002,
      "mean": 10.0,
      "median": 10.0,
      "std": 1.8630587706705476e-16
    },
    "mean_displacement_m": {
      "min": 2.0465856239625166,
      "max": 3.954933781933155,
      "mean": 3.249570209618102,
      "median": 3.266433785714695
    }
  },
  "Mw9.0": {
    "n_samples": 2000,
    "max_displacement_m": {
      "min": 9.999999999999998,
      "max": 10.000000000000002,
      "mean": 10.0,
      "median": 10.0,
      "std": 3.5304393922700313e-16
    },
    "mean_displacement_m": {
      "min": 2.373490541168739,
      "max": 4.368727057678946,
      "mean": 3.550628092673137,
      "median": 3.563034724778783
    }
  }
}