{
  "rise_time_sec": 240.0,
  "dt0_sec": 1.0,
  "dx_m": 3629.607746930086,
  "dy_m": 3684.6666666664573,
  "steps_diag_stride": 500,
  "t_end_sec": 60.0
}