sample_index,slip_id,Davao,Legazpi,Dapa_virtual
0,slip_Mw8.0_sample0,0.19312626123428345,0.05397238954901695,7.416982173919678
