{
  "path": "output\\dapa_merged_topobathy_fine.tif",
  "shape_y": 720,
  "shape_x": 720,
  "lon_min": 125.9500000000405,
  "lon_max": 126.14972222226275,
  "lat_min": 9.65027777777111,
  "lat_max": 9.84999999999336,
  "dx_m": 30.475570777025194,
  "dy_m": 30.705555555462176,
  "min_z": -134.72000122070312,
  "max_z": 278.0,
  "mean_z": 11.601584528077955,
  "nan_count": 0,
  "wet_cells": 249150,
  "land_cells": 268705,
  "edge_wet_bottom": 578,
  "edge_wet_top": 150,
  "edge_wet_left": 391,
  "edge_wet_right": 565,
  "target_i": 341,
  "target_j": 378,
  "target_lon": 126.05500000004052,
  "target_lat": 9.744999999993347,
  "target_z": -8.15999984741211,
  "target_is_wet": true,
  "target_connected_to_boundary": true,
  "boundary_connected_wet_cells": 248885,
  "wet_cells_total": 249150,
  "likely_problem_flags": []
}