{
  "rise_time_sec": 720.0,
  "dt0_sec": 0.5,
  "dx_m": 913.4382879192794,
  "dy_m": 921.1666666666143,
  "steps_diag_stride": 500,
  "t_end_sec": 300.0
}