{
  "lon_min": 125.4520833333333,
  "lon_max": 126.9520833333333,
  "lat_min": 6.997916666666665,
  "lat_max": 10.297916666666667,
  "nx": 361,
  "ny": 793,
  "pixel_dx_deg": 0.004166666666662877,
  "pixel_dy_deg": 0.00416666666666643,
  "paper_inundation_bounds_m": [
    0.01,
    0.25,
    0.5,
    1.0,
    1.5,
    2.0,
    2.5,
    3.0,
    3.5
  ]
}