{
  "lon_min": 125.9500000000405,
  "lon_max": 126.14972222226275,
  "lat_min": 9.65027777777111,
  "lat_max": 9.84999999999336,
  "nx": 720,
  "ny": 720,
  "pixel_dx_deg": 0.0002777777777822621,
  "pixel_dy_deg": 0.000277777777776933,
  "paper_inundation_bounds_m": [
    0.01,
    0.25,
    0.5,
    1.0,
    1.5,
    2.0,
    2.5,
    3.0,
    3.5
  ]
}