{
  "lon_min": 125.66458333333331,
  "lon_max": 126.43541666666664,
  "lat_min": 9.364583333333334,
  "lat_max": 10.135416666666668,
  "nx": 186,
  "ny": 186,
  "pixel_dx_deg": 0.004166666666662877,
  "pixel_dy_deg": 0.00416666666666643,
  "paper_inundation_bounds_m": [
    0.01,
    0.25,
    0.5,
    1.0,
    1.5,
    2.0,
    2.5,
    3.0,
    3.5
  ]
}